Workbook
Name DocStatus: [1]data!$B$2:$B$8
Name Projektmitarbeiter: '1_Role and Responsibilities'!$E$19:$H$32
Name Status: Tabelle1!$A$2:$A$10

Sheet Cover
B1: Safety Plan
D2: Version
D4: Date
D6: Status
A7: Project
A11: 1. Participants
A12: Last Name, First Name | B12: Job Titile | C12: Role | E12: Responsible For
A25: 2. Quality Assurance
A26: Role | B26: Name | C26: Date | E26: Status
A27: Reviewer
A28: Approver
A32: 3. Change Record
A33: Document Section | B33: Change Description | D33: Version | E33: Date | F33: Author

Sheet General-Description
A1: =Cover!B1 -> Safety Plan
A2: 1 Introducion
A3: This template "safety plan" includes all document relevant aspects of ISO 26262. By listing the work products, the distribution of responsibilty and appointments and allocating the status, the project can effectively be setup and be tracked. At the same time the key aspects (see Figure 2 Scope of the Safety Plan) of a "DIA" and a "Safety Cases" are satisfiable. (Relevant information and input into the template provided) For the user this also offers an easy way to customize the template according to his needs. Columns and rows can be added. By using "cross-references" a parallel description with all the negative effects is avoided. Main intention is keeping key information by collecting the appropriate links and to give/collect/track status and time line.
A4: 2 Scope of the Safety Plan
A5: The safety manager shall maintain the "Safety Plan", and monitor the progress of the safety activities against the safety plan. The aspects of a "Development Interface Agreement" (DIA) is the definition and description of the flow of all safety related development activities and work products. It shall define the interfaces between OEM and Suppliers for distributed development projects. The "Safety Case" should progressively compile the work products that are generated during the safety lifecycle. All three aspects can be combined with these work sheets and their inclosing work products.
A6: 3 Structure of the document:
A7: 1. Sheet "1_Role and Responsibilities": All involved persons and companies and roles in the project are listet and are referenced in the other sheets. 2. Sheet "2_Safety_plan": The general planing of the project is done within these sheet. A detailed description of the single rows can be found in the sheet "Description of 2_Safety_plan" 3. Sheet "3_Document_list": This is the list where all the document and work products are listed and the refering Verknäpfungen within the project are done. A detailed description of the single rows can be found in the sheet "Description of 3_Document_list" 4. Sheet "DATA": Within this sheet there are needed excel datas stored.
A8: 4 General description hints to used bakground colors:
A9: All cells filled with grey are not to be filled out
A10: All cells filled with yellow are not to be filled out
A11: All cells filled with linked content
A12: All cells Partly filled with blue are not to be filled out
A13: All cells filled with white color are to be filled
... A15: ASIL = Automotive Safety Integrity Level OU = Organisation Unit SaM = Safety Manager SaE = Safety Engineer PL = Project leader SPL = Subproject Leader R1)A2)S3)C4)I5) = Responsible, Accountable, Support, Consultant, Informative FMEA = Failure Mode & Effect Analysis FTA = Fault Tree Analysis HAZOP = Hazard and Operability study ETA = Event Tree Analysis RBD = Reliability Block Diagram

Sheet 1_Role and Responsibilities
A1: =Cover!B1 -> Safety Plan
A2: Project Milestones
A4: Planning and Coordination of Safety Activities
A5: Refer to Safety plan Sheet
A7: Organization Chart
A9: Escalation Path
A11: Comunication Mechanism
A13: Problem Management
A15: Supporting Process
A17: Assignment of roles / persons
A18: No. | B18: Role | C18: Organization | D18: Title in Project | E18: Responsibility | I18: Name | J18: Qualification | K18: Contact details
A19: 1 | B19: Project Manager (Item) | C19: OEM | D19: =C19 & " " & B19 -> OEM Project Manager (Item) | K19: Phone: Mobile: Fax: E-Mail:
A20: =A19+1 -> 2 | B20: Safety Manager (Item) | C20: OEM | D20: =C20 & " " & B20 -> OEM Safety Manager (Item) | K20: Phone: Mobile: Fax: E-Mail:
A21: =A20+1 -> 3 | B21: Project Director | C21: OEM | D21: =C21 & " " & B21 -> OEM Project Director | K21: Phone: Mobile: Fax: E-Mail:
A22: =A21+1 -> 4 | B22: Project Manager (ECU) | C22: Tier 1 Supplier | D22: =C22 & " " & B22 -> Tier 1 Supplier Project Manager (ECU) | K22: Phone: Mobile: Fax: E-Mail:
A23: =A22+1 -> 5 | B23: Safety Manager (ECU) | C23: Tier 1 Supplier | D23: =C23 & " " & B23 -> Tier 1 Supplier Safety Manager (ECU) | K23: Phone: Mobile: Fax: E-Mail:
A24: =A23+1 -> 6 | B24: Quality Manager (ECU) | C24: Tier 1 Supplier | D24: =C24 & " " & B24 -> Tier 1 Supplier Quality Manager (ECU) | K24: Phone: Mobile: Fax: E-Mail:
A25: =A24+1 -> 7 | B25: R&D Manager (ECU) | C25: Tier 1 Supplier | D25: =C25 & " " & B25 -> Tier 1 Supplier R&D Manager (ECU) | K25: Phone: Mobile: Fax: E-Mail:
A26: =A25+1 -> 8 | B26: Safety Expert (ECU) (System) | C26: Tier 1 Supplier | D26: =C26 & " " & B26 -> Tier 1 Supplier Safety Expert (ECU) (System) | K26: Phone: Mobile: Fax: E-Mail:
A27: =A26+1 -> 9 | B27: Safety Expert (ECU) (HW + HW-Test) | C27: Tier 1 Supplier | D27: =C27 & " " & B27 -> Tier 1 Supplier Safety Expert (ECU) (HW + HW-Test) | K27: Phone: Mobile: Fax: E-Mail:
A28: =A27+1 -> 10 | B28: Safety Expert (ECU) (SW + SW-Test, Tool-Qualification) | C28: Tier 1 Supplier | D28: =C28 & " " & B28 -> Tier 1 Supplier Safety Expert (ECU) (SW + SW-Test, Tool-Qualification) | K28: Phone: Mobile: Fax: E-Mail:
A29: =A28+1 -> 11 | B29: Safety Expert (ECU) (Safety Analyses, HW-Metrics) | C29: Tier 1 Supplier | D29: =C29 & " " & B29 -> Tier 1 Supplier Safety Expert (ECU) (Safety Analyses, HW-Metrics) | K29: Phone: Mobile: Fax: E-Mail:
A30: =A29+1 -> 12 | B30: Configuration Manager | D30: =C30 & " " & B30 -> Configuration Manager | K30: Phone: Mobile: Fax: E-Mail:
A31: =A30+1 -> 13 | B31: Project Director | D31: =C31 & " " & B31 -> Project Director | K31: Phone: Mobile: Fax: E-Mail:
A32: =A31+1 -> 14 | B32: Safety Assessor (ECU) | D32: =C32 & " " & B32 -> Safety Assessor (ECU) | K32: Phone: Mobile: Fax: E-Mail:
A34: Change Histroy
A35: No. | B35: Description | C35: Author | G35: Date | I35: Version
A36: 1
A37: 2
A38: 3
A39: 4
A41: References
A42: No. | B42: Description | C42: Author | G42: Date | I42: Version
A43: 1
A44: 2
A45: 3
A46: 4
A47: 5

Sheet Description of 2_Safety_plan
A1: =Cover!B1 -> Safety Plan
A2: 1. Description to headlines of sheet "2_Safety_plan"
A3: No. | B3: Number of List
A4: Reference to standard | B4: The refering chapter number of ISO26262
A6: Content | B6: Summarized content description. Partly filled with examples.
A7: Objectives / Target | B7: Condensed description of each objectiv/target.The content describes the requirements of the ISO 26262 standard. For the particular development project supplements or descriptions can be to added below.
A8: Implementation of Objectives /Targets | B8: Description and hints of the implementation in the project. Partly filled with examples.
A9: Input documents | B9: Document content, prerequisities or results which are needed as input information.
A10: Output documents | B10: Documents content or results which areoutput information Partly filled with examples.
A11: Responsibility | B11: The responsible for the Output document. For first approach as minimum information the resp. organisation has to be stated. There might be more than one. Partly filled with examples.
A12: Implementation accomplishment | B12: As far as the implementation differes from the responsible organisation it has to be stated by whom the Implementation/accomplishment relies on. There might be more than one named thus these can be named by adding rows. Partly filled with examples.
A13: Start | B13: Planed start of the activity in accordance of the roject plan. Partly filled with examples.
A14: End | B14: Planed End of the activity in accordance of the roject plan. Partly filled with examples.
A15: Resources [h] | B15: If appilcable Estimated working hours for Output Partly filled with examples.
A16: Note | B16: Space for notes. Partly filled with examples.

Sheet 2_Safety_plan
A1: =[2]Cover!B3 -> Safety Plan
F2: =[2]Cover!$B$7 -> Project: ECU
AB3: =#REF! -> #REF!
AB4: =#REF! -> #REF! | AC4: =#REF! -> #REF!
AB5: ='1_Role and Responsibilities'!#REF! -> #REF!
AB6: ='1_Role and Responsibilities'!#REF! -> #REF!
A7: No. | B7: Reference to standard | C7: Content | D7: Objectives / Target | E7: Implementation of Objectives /Targets | F7: Mapping to Internal Work Product | G7: Tailoring applicable? | H7: Arguments for applying the Tailoring [see 26262-8 Support] | I7: Input documents | J7: Output documents | K7: Responsibility | L7: Implementation accomplishment | M7: Start | N7: End | O7: ='1_Role and Responsibilities'!$D22 -> Tier 1 Supplier Project Manager (ECU) | P7: ='1_Role and Responsibilities'!$D23 -> Tier 1 Supplier Safety Manager (ECU) | Q7: ='1_Role and Responsibilities'!$D24 -> Tier 1 Supplier Quality Manager (ECU) | R7: ='1_Role and Responsibilities'!$D25 -> Tier 1 Supplier R&D Manager (ECU) | S7: ='1_Role and Responsibilities'!$D26 -> Tier 1 Supplier Safety Expert (ECU) (System) | T7: ='1_Role and Responsibilities'!$D27 -> Tier 1 Supplier Safety Expert (ECU) (HW + HW-Test) | U7: ='1_Role and Responsibilities'!$D28 -> Tier 1 Supplier Safety Expert (ECU) (SW + SW-Test, Tool-Qualification) | V7: ='1_Role and Responsibilities'!$D29 -> Tier 1 Supplier Safety Expert (ECU) (Safety Analyses, HW-Metrics) | W7: ='1_Role and Responsibilities'!$D32 -> Safety Assessor (ECU) | X7: Development Resources [h] | Y7: Safety Assessor Resource [h] | Z7: Gesamt Resources [h] | AA7: Resource to Use | AB7: Note | AC7: Date of Note
A9: 1 | C9: General
C10: Purpose | D10: The requirements of the ISO 26262 safety standard lead to the necessity of systematically planning the activities and measures for ensuring functional safety and of naming responsible persons for the individual activities. This is part of the management tasks of the person responsible for the entire project.
C11: Procedure | D11: The safety project plan serves to systematically plan and allocate the safety activities required and the resources necessary for its implementation. The safety plan on hand was adapted to the project. This plan is to be approved by the project management; the safety activities are to be explicitly adopted into the overall project plan in sufficient detail and the necessary resources are to be assigned to them. The safety project plan is implemented, versioned and archived for future reference by the project management. Updates and adjustments of the safety plan are also subject to versioning and documentation as in a controlled document. The updated safety project plan forms the basis for the creation of what is referred to as “safety cases”, a systematic summary of all documents necessary for proving functional safety.
A12: 2 | B12: ISO 26262-2 | C12: Management of functional safety
B13: ISO 26262-2 Clause 5 | C13: Management of functional safety - Overall safety management
A14: 2.1 | B14: ISO 26262-2, 5.5.1 | C14: Organization-specific rules and processes for functional safety | D14: Objective acc. the standard ISO 26262-2 (clause: 5.4.2.2): The organization shall institute, execute and maintain organization-specific rules and processes to comply with the requirements of ISO 26262. NOTE Such organization-specific rules and processes can include the creation and maintenance of a generic safety plan and process description. | E14: e.g. generic process of functional saftey | J14: Organization-specific rules and processes for functional safety | K14: OEM Project Manager (Item) | L14: OEM Project Director
A17: 2.2 | B17: ISO 26262-2, 5.5.2 | C17: Evidence of competence | D17: Objective acc. the standard ISO 26262-2 (clause 5.4.3.1): The organization shall ensure that the persons involved in the execution of the safety lifecycle have a sufficient level of skills, competences and qualifications corresponding to their responsibilities. (Knowledge in safety technology, safety standards, etc.) | E17: Client's safety management training program, etc. ETSS analysis results, training certificate, Client qualification, office organization, etc. | G17: No | J17: Evidence of competence
A20: 2.3 | B20: ISO 26262-2, 5.5.3 | C20: Evidence of quality management | D20: Objective acc. the standard ISO 26262-2 (clause 5.4.4.1): The organizations involved in the execution of the safety lifecycle shall have an operational quality management system complying with a quality management standard, such as ISO/TS 16949, ISO 9001, or equivalent. | E20: See Project Plan | G20: No | I20: ISO 9001 certificate, ISO TS 16949 certificate, Audit reports, | J20: Evidence of quality management | AB20: ISO 16949
A23: 2.3 | B23: ISO 26262-2, 5.5.4 | C23: Identified safety anomaly | D23: Objective acc. the standard ISO 26262-2 (clause 5.4.3): | G23: No | I23: Safety anomaly | J23: Identified Safety anomaly report | AB23: ISO 16949
B26: ISO 26262-2 Clause 6 | C26: Management of functional safety - Safety management during the concept phase and the product development
A27: 2.4 | B27: ISO 26262-2, 6.5.1,6.5.2 | C27: Impact Analysis | D27: Objective acc. the standard ISO 26262-2 (clause 6.4.3 and clause 6.4.4) | G27: No | I27: Customer Project Requirements or Internal Project Requirements | J27: Impact Analysis Report
A30: 2.5 | B30: ISO 26262-2, 6.5.3 | C30: Safety plan | D30: Objective acc. the standard ISO 26262-2 (clause 6.4.3.4): The safety plan shall either be a) referenced in the project plan, or b) included in the project plan, such that the safety activities are distinguishable Objective for Item under developement: Project management for the safety activities • Planning of safety activities with regard to time and resources • Defining responsibilities • Requesting the results of the work packages defined in the safety plan from those responsible in a timely manner • Updating the safety plan with regard to changes in dates, resources, work packages • Determining the safety-relevant release stECU up to series launch | G30: No | I30: Project plan, System concept draft, System concept review, DIA, Timeline with milestones for prototypes, Required documents according to ISO26262 | J30: Safety Plan
A33: 2.6 | B33: ISO 26262-2, 6.5.4 | C33: Safety Case | D33: Objective acc. the standard ISO 26262-2: (clause 6.4.6.1) This requirement shall be complied with for items that have at least one safety goal with an ASIL (A), B, C or D: a safety case shall be developed in accordance with the safety plan. (clause 6.4.6.2) The safety case should progressively compile the work products that are generated during the safety lifecycle. | G33: No | I33: Document list, Available work products, protocols, meeting minutes... | J33: Safety Case
A36: 2.7 | B36: ISO 26262-2, 6.5.5 | C36: Functional safety assessment plan | D36: Objective acc. the standard ISO 26262-2: (clause 6.4.9.1) A functional safety assessment shall be carried out for items, where the highest ASIL of the item's safety goals is ASIL (B), C, or D. (clause 6.4.9.2) A functional safety assessment shall be planned in accordance with 6.4.3.3 and 6.4.3.5 i). EXAMPLE Agenda for a functional safety assessment given in Annex E. | G36: No | I36: Work products required by the safety plan; safety processes; | J36: Functional safety assessment plan
A39: 2.8 | B39: ISO 26262-2, 6.5.5 | C39: Confirmation measure reports | D39: Objective acc. the standard ISO 26262-2: (clause 6.4.7.1) The confirmation measures specified in Table 1, ISO 26262-2 shall be performed, in accordance with the required level of independency. Remark: A confirmation review includes the checking of correctness with respect to formality, contents, adequacy and completeness regarding the requirements of ISO 26262. ONLY Organization and planning of confirmation reviews | G39: No | I39: Table of confirmation measures, Assessment report, Audit report | J39: Confirmation measures reports
A42: 2.9 | B42: ISO 26262-2, 6.5.6 | C42: Release for production report | D42: Objective acc. the standard ISO 26262-2(clause 6.4.13) The requirements of ISO 26262-2, clause 6.4.13 shall be fulfilled. The objective of this clause is to specify the release for production criteria at the completion of the item development. The release for production confirms that the item complies with the requirements for functional safety at the vehicle level. | E42: Tier1 shall state the release for production in order to confirm that the item complies with the requirements for functional safety. | G42: No | I42: Safety plan, Safety case, Project Plan, | J42: Release for production report
B45: ISO 26262-2 Clause 7 | C45: Management of functional safety - Safety management after the item's release for production
A46: 2.10 | B46: ISO 26262-2, 7.5.1 | C46: Evidence of safety management regarding production, operation, service and decommissioning | D46: Objective acc. the standard ISO 26262-2: (clause 7.4.2): The objective of this clause is to define the responsibilities of the organizations and persons responsible for functional safety after the item's release for production. This relates to the general activities for ensuring the required functional safety of the item during the lifecycle sub phases after the release for production. | G46: No | I46: Evidence of quality management | J46: Suppliers Safety Management and support processes after SOP
A49: 3 | B49: ISO 26262-3
B50: ISO 26262-3 Clause 5 | C50: Item definition
A51: 3.1 | B51: ISO 26262-3, 5.5.1 | C51: Item definition | D51: Objective acc. the standard ISO 26262-3(clause 5.5.1): The first objective is to define and describe the item, its dependencies on, and interaction with, the environment and other items. The second objective is to support an adequate understanding of the item so that the activities in subsequent phases can be performed. Remark: Description of planed function. On the basis of a represented system design a project order could be released. | E51: A description of the item with the corresponding subsystems XYZ: e.g.: steering angle sensor, torque sensor of steering wheel , Shift by wire shall be prepared. | G51: No | I51: System concept draft, System concept review, Item definition | J51: Item definition
H52: =IF(#REF!="","",#REF!) -> #REF!
B54: ISO 26262-3 Clause 6 | C54: Hazard analysis and risk assessment (System and subsystem)
A55: 3.2 | B55: ISO 26262-3, 6.5.1 | C55: Hazard analysis and risk assessment | D55: Objective acc. the standard ISO 26262-3: The objective of the hazard analysis and risk assessment is to identify and to categorise the hazards that malfunctions in the item can trigger and to formulate the safety goals related to the prevention or mitigation of the hazardous events, in order to avoid unreasonable risk. | G55: No | I55: Existing H&R, Item definition Impact analysis, Relevant information of other subsystems, | J55: Hazard analysis and risk assessment
A58: 3.3 | B58: ISO 26262-3, 6.5.2 | C58: Safety goals | D58: Objective acc. the standard ISO 26262-3: A safety goal shall be determined for each hazardous event with an ASIL evaluated in the hazard analysis. | E58: The existing safety goals shall be checked by Tier1 / Independent Reviewer. | G58: No | I58: Existing safety goals, | J58: Safety goals
A61: 3.4 | B61: ISO 26262-3, 6.5.3 | C61: Verification report of the hazard analysis and risk assessment and the safety goals. | D61: Objective acc. the standard ISO 26262-3: The hazard analysis, risk assessment and the safety goals shall be verified in accordance with ISO 26262-8:2018, Clause 9, to show their: a) completeness with regard to situations and hazards; b) compliance with the item definition; c) consistency with related hazard analyses and risk assessments; d) completeness of the coverage of the hazardous events; and e) consistency of the assigned ASILs with the corresponding hazardous events. | G61: No | I61: Existing review report of the Hazard analysis and risk assessment and the safety goals. | J61: Verification review report of the hazard analysis and risk assessment and the safety goals.
B64: ISO 26262-3 Clause 7 | C64: Functional safety concept
A65: 3.5 | B65: ISO 26262-3, 7.5.1 | C65: Functional safety concept | D65: Objective acc. the standard ISO 26262-3: The objective of the functional safety concept is to derive the functional safety requirements, from the safety goals, and to allocate them to the preliminary architectural elements of the item, or to external measures. | G65: No | I65: Item definition H&R, Safety goals, Technik Komponenten Lastenheft, SANF_Sicherheitsanforderungen | J65: Functional safety concept (including safety architecture)
A68: 3.6 | B68: ISO 26262-3, 7.5.2 | C68: Verification report of the functional safety concept | D68: Objective acc. the standard ISO 26262-3: The functional safety concept shall be verified in accordance with ISO 26262-8:2018, Clause 9, to show a) its consistency and compliance with the safety goals; and b) its ability to mitigate or avoid the hazardous events. | G68: No | I68: Functional safety concept in latest version | J68: Review report of the functional safety concept
A71: 4 | B71: ISO 26262-4 | C71: Product development at the system level
B72: ISO 26262-4 Clause 5 | C72: Initiation of product development at the system level
A73: 4.1 | B73: ISO 26262-4, 5.5.2 | C73: Safety plan (refined) | D73: The safety activities for the product development at the system level shall be planned including determination of appropriate methods and measures during design and integration. The validation activities shall be planned. The functional safety assessment activities for the product development at the system level shall be planned. The tailoring of the lifecycle for product development at system level shall be performed in accordance with ISO 26262-2, and based on the reference phase model. NOTE The project plan can be used to provide the relationship between the individual subphases of product development at the system level and the hardware and software development phases. This can include the integration stECU at each level. | G73: No | I73: Safety plan (see No. 2.4) | J73: Safety plan (refined)
A76: 4.2 | B76: ISO 26262-4, 5.5.3 | C76: Item integration and testing plan | D76: Objective acc. the standard ISO 26262-4: The objective of the initiation of the product development at the system level is to determine and plan the functional safety activities during the individual sub phases of system development. This also includes the necessary supporting processes described in ISO 26262-8. This planning of system-level safety activities will be included in the safety plan. | G76: No | I76: Functional safety concept, Safety plan, Project plan | J76: Item integration and testing plan
A79: 4.3 | B79: ISO 26262-4, 5.5.4 | C79: Validation plan | D79: Objective acc. the standard ISO 26262-4: The validation activities shall be planned. Objective for item under developement: Safety validation on vehicle level. The safety validation of the overall system under developement will be carried out on vehicle level. (Evidence of system safety). This includes testing of controllability, measuring of the fault tolerance time of subsystems etc. | E79: Tier1 shall support the system validation of the under developement. | F79: Tier1 shall support the system validation of the under developement. | G79: No | I79: Functional safety concept, Safety plan, Project plan | J79: Validation plan
B82: ISO 26262-4 Clause 6 | C82: Technical safety concept
A83: 4.4 | B83: ISO 26262-4, 6.5.1 | C83: Technical safety requirements specification | D83: Objective acc. the standard ISO 26262-4: The first objective of this sub phase is to specify the technical safety requirements. The technical safety requirements specification refines the functional safety concept, considering both the functional concept and the preliminary architectural assumptions (see ISO 26262-3). The second objective is to verify through analysis that the technical safety requirements comply with the functional safety requirements. Objective for item under developement: Tier1 is responsible to specify the technical safety requirements for the item under developement with the associated subsystems LWS, TMP, SBW, BLS, FUS | G83: No | I83: H&R, Safety goals, Functional safety requirements, Technical safety requirements | J83: Technical safety requirements specifications
A86: 4.5 | B86: ISO 26262-4, 6.5.2 | C86: Technical safety concept | D86: Objective acc. the standard ISO 26262-4: The first objective of this sub phase is to develop the system design and the technical safety concept that comply with the functional requirements and the technical safety requirements specification of the item. The second objective of this sub phase is to verify that the system design and the technical safety concept comply with the technical safety requirements specification. | E86: Tier1 is responsible for the technical safety concept. | F86: Tier1 is responsible for the technical safety concept. | G86: No | I86: Technical safety concept of the item, Technical safety requirements specification, Item integration and testing plan | J86: Technical safety concept
A89: 4.6 | B89: ISO 26262-4, 6.5.3 | C89: System design specification | D89: Objective acc. the standard ISO 26262-4: The system design shall be based on the functional concept, the preliminary architectural assumptions and the technical safety requirements. The consistency of the preliminary architectural assumptions in ISO 26262-3:2018, 8.3.2 and the preliminary architectural assumptions in this sub phase shall be ensured. | G89: No | I89: Technical safety concept of the item, Technical safety requirements specification | J89: System design specification
A92: 4.7 | B92: ISO 26262-4, 6.5.4 | C92: Hardware-software interface specification (HSI) | D92: Objective acc. the standard ISO 26262-4: The HSI specification shall specify the hardware and software interaction and be consistent with the technical safety concept. The HSI specification shall include the component's hardware devices that are controlled by software and hardware resources that support the execution of software. | G92: No | I92: Technical safety concept of the item, Technical safety requirements specification | J92: Hardware-software interface specification (HSI)
A95: 4.8 | B95: ISO 26262-4, 6.5.5 | C95: Specification of requirements for production, operation, service and decommissioning | D95: Objective acc. the standard ISO 26262-4: The requirements for production, operation, service and decommissioning, identified during the system design, shall be specified (see ISO 26262-7). These include: a) the assembly instructions requirements; b) the safety-related special characteristics; c) the requirements dedicated to ensure proper identification of systems or elements; EXAMPLE 1 Labelling of elements. d) the verification methods and measures for production; e) the service requirements including diagnostic data and service notes; and f) the decommissioning requirements Objective for item under developement: | G95: No | I95: Technical safety requirements specification of the subsystem SSSPR | J95: Specification of requirements for production. Specification of operation, service, and decommissioning
A98: 4.9 | B98: ISO 26262-4, 6.5.6 | C98: System verification report | D98: Objective acc. the standard ISO 26262-4: The system design shall be verified for compliance and completeness with regard to the technical safety concept using the verification methods listed in Table 3. Table 1 and ISO 26262-9:2018, Clause 8. | G98: No | I98: System design specification System-FMEDA Functional safety concept, Technical safety concept, Block diagram | J98: System verification report (refined)
A101: 4.10 | B101: ISO 26262-4, 6.5.7 | C101: Safety analysis reports FMEA | D101: Objective acc. the standard ISO 26262-4: Safety analyses on the system design to identify the causes of systematic failures and the effects of systematic faults shall be applied in accordance with Table 1 ISO 26262-4 and ISO 26262-9:2018, Clause 8. | G101: No | I101: System-FMEA, | J101: Safety analysis report
A104: 4.11 | B104: ISO 26262-4, 6.5.7 | C104: Safety analysis reports FTA | D104: Objective acc. the standard ISO 26262-4: Safety analyses on the system design to identify the causes of systematic failures and the effects of systematic faults shall be applied in accordance with Table 1 ISO 26262-4 and ISO 26262-9:2018, Clause 8. | G104: No | I104: System-FTA | J104: Safety analysis report
B107: ISO 26262-4 Clause 7 | C107: Item integration and testing
A108: 4.12 | B108: ISO 26262-4, 7.5.1 | C108: Item integration and testing plan (refined) | D108: Objective acc. the standard ISO 26262-4: The integration and testing phase comprises three phases and two primary goals as described below: the first phase is the integration of the hardware and software of each element that the item comprises. The second phase is the integration of the elements that comprise an item to form a complete system. The third phase is the integration of the item with other systems within a vehicle and with the vehicle itself. The first objective of the integration process is to test compliance with each safety requirement in accordance with its specification and ASIL classification. The second objective is to verify that the “System design” covering the safety requirements [see Clause 7 (System design)] are correctly implemented by the entire item. | G108: No | I108: Safety goals, Functional safety concept, Technical safety concept, System design specification, | J108: Item integration and testing plan (refined)
E109: Tier1 is responsible for testing at system level. | F109: Tier1 is responsible for testing at system level.
E110: OEM is responsible for testing at vehicle level. | F110: OEM is responsible for testing at vehicle level.
A111: 4.13 | B111: ISO 26262-4, 7.5.1 | C111: Integration and test strategy | D111: Objective acc. the standard ISO 26262-4: To demonstrate that the system design is compliant with the functional and technical safety requirements, integration testing activities shall be performed in accordance with ISO 26262-8:2018, Clause 9. NOTE The following test goals are addressed in Tables 4 to 18: a) the correct implementation of functional safety and technical safety requirements; b) the correct functional performance, accuracy and timing of safety mechanisms; c) the consistent and correct implementation of interfaces; d) the effectiveness of a safety mechanism's diagnostic or failure coverage; and e) the level of robustness. | G111: No | I111: Safety goals, Functional safety concept, Technical safety concept, System design specification, Item integration and testing plan | J111: Integration testing specification(s)
A114: 4.18 | B114: ISO 26262-4, 7.5.2 | C114: Integration and test report | D114: Objective acc. the standard ISO 26262-4: Testing reports resulting from the requirements from ISO 26262-4 | E114: Tier1 is responsible for testing at system level. | G114: No | I114: Safety goals, Functional safety concept, Technical safety concept, System design specification, Item integration and testing plan, Integration testing specification(s) | J114: Integration testing reports(s)
E115: OEM is responsible for testing at vehicle level.
B117: ISO 26262-4 Clause 9 | C117: Safety validation
A118: 4.19 | B118: ISO 26262-4, 8.5.1 | C118: Validation plan (refined) | D118: Objective acc. the standard ISO 26262-4: The first objective is to provide evidence of compliance with the safety goals and that the functional safety concepts are appropriate for the functional safety of the item. The second objective is to provide evidence that the safety goals are correct, complete and fully achieved at the vehicle level. | G118: No | I118: Safety goals, Functional Safety Concept, Technical safety concept | J118: Validation plan (refined)
E119: Tier1 is responsible for testing at system level. | F119: Tier1 is responsible for testing at system level.
E120: OEM is responsible for testing at vehicle level. | F120: OEM is responsible for testing at vehicle level.
A121: 4.20 | B121: ISO 26262-4, 8.5.1 | C121: Validation Specification including safety validation environment description | D121: Objective acc. the standard ISO 26262-4: Validation report resulting from requirements 9.4.3 and 9.4.4 Objective for item under developement after tailoring: | E121: Tier1 is responsible for testing at system level. | G121: No | I121: Validation plan, Safety goals, Functional Safety Concept, Technical safety concept | J121: Validation report
E122: OEM is responsible for testing at vehicle level.
A124: 4.20 | B124: ISO 26262-4, 8.5.2 | C124: Validation report | D124: Objective acc. the standard ISO 26262-4: Validation report resulting from requirements 9.4.3 and 9.4.4 Objective for item under developement after tailoring: | E124: Tier1 is responsible for testing at system level. | G124: No | I124: Validation plan, Safety goals, Functional Safety Concept, Technical safety concept | J124: Validation report
E125: OEM is responsible for testing at vehicle level.
A127: 5 | B127: ISO 26262-5 | C127: Product development at the hardware level
B128: ISO 26262-5 Clause 5 | C128: Initiation of product development at the hardware level
A129: 5.1 | B129: ISO 26262-5, 5.5.1 | C129: Safety plan (refined) | D129: Objective acc. the standard ISO 26262-5: The objective of the initiation of the product development for the hardware is to determine and plan the functional safety activities during the individual sub phases of hardware development. This also includes the necessary supporting processes described in ISO 26262-8. This planning of hardware-specific safety activities is included in the safety plan (see ISO 26262-2:2018, 6.4.3, and ISO 26262-4:2018, 5.4).. | E129: Tier1 is responsible for the safety plan. | G129: No | I129: Project plan, Safety plan, Testing plan, | J129: Safety plan (refined)
B132: ISO 26262-5 Clause 6 | C132: Specification of hardware safety requirements
A133: 5.2 | B133: ISO 26262-5, 6.5.1 | C133: Hardware safety requirements specification (including test and qualification criteria) | D133: Objective acc. the standard ISO 26262-5: The first objective of this clause is to specify the hardware safety requirements. They are derived from the technical safety concept and system design specification. The second objective is to verify that the hardware safety requirements are consistent with the technical safety concept and the system design specification. A further objective of this phase is to detail the hardware-software interface (HSI) specification initiated in ISO 26262-4:2018, Clause 7. Objective for item under developement after tailoring: The hardware safety requirements specification with test and qualification criteria shall be stated. | G133: No | I133: Safety plan, Technical safety concept, System design specification, hardware-software interface specification | J133: Hardware safety requirements specification (including test and qualification criteria)
A136: 5.3 | B136: ISO 26262-5, 6.5.2 | C136: Hardware-software interface specification (refined) | D136: Objective acc. the standard ISO 26262-5: | G136: No | I136: Safety plan, Technical safety concept, System design specification, hardware-software interface specification | J136: Hardware-software interface specification (refined)
A139: 5.4 | B139: ISO 26262-5, 6.5.3 | C139: Hardware safety requirements verification report | D139: Objective acc. the standard ISO 26262-5: The hardware safety requirements shall be verified in accordance with ISO 26262-8:2018, Clauses 6 and 9, in order to provide evidence of their: a) consistency with the technical safety concept, the system design specification and the hardware specifications; b) completeness with respect to the technical safety requirements allocated to the hardware element; c) consistency with the relevant software safety requirements; and d) correctness and accuracy. | E139: The verification report of the HW safety requirements shall be carried out by Tier1 | G139: No | I139: Safety plan, Technical safety concept, System design specification, | J139: Hardware safety requirements verification report
B142: ISO 26262-5 Clause 7 | C142: Hardware design
A143: 5.5 | B143: ISO 26262-5, 7.5.1 | C143: Hardware design specification | D143: Objective acc. the standard ISO 26262-5: The first objective of this clause 7 is to design the hardware in accordance with the system design specification and the hardware safety requirements. 7.4.1 Hardware architectural design 7.4.2 Hardware detailed design | G143: No | I143: Hardware safety requirements specification, System design specification, Safety plan, Sketch | J143: Hardware design specification
A146: 5.6 | B146: ISO 26262-5, 7.5.2 | C146: Hardware safety analysis report | D146: Objective acc. the standard ISO 26262-5: Safety analyses on hardware design to identify the causes of failures and the effects of faults shall be applied in accordance with Table 2 and ISO 26262-9:2018, Clause 8. 7.4.3 Safety analyses Objective for item under developement after tailoring: One subsystem of the item is ASIL-D rated and table 2 of ISO 26262-5 is applied. Therefore a deductive analysis as for example a FTA and a inductive analysis as for example FMEDA shall be carried out. Failure rates and failure models for the FMEDA shall be stated. | G146: No | I146: Hardware safety requirements specification, System design specification, Safety plan | J146: Hardware safety analysis report
A149: 5.7 | B149: ISO 26262-5, 7.5.3 | C149: Hardware design verification report | D149: Objective acc. the standard ISO 26262-5: The hardware design shall be verified in accordance with ISO 26262-8, Clause 9, for compliance and completeness with respect to the hardware safety requirements. To achieve this, the methods listed in Table 3 shall be considered Objective for item under developement after tailoring: | G149: No | I149: Hardware safety requirements specification, System design specification, Safety plan, Schematic sketch | J149: Hardware design verification report
A152: 5.8 | B152: ISO 26262-5, 7.5.4 | C152: Specification of requirements related to production, operation, service and decommissioning | D152: Objective acc. the standard ISO 26262-5: Safety-related special characteristics shall be specified if safety analyses have shown them to be relevant. Attributes of safety-related special characteristics shall include: a) the verification measures for production and operation; and b) the acceptance criteria for these measures. | G152: No | I152: Hardware safety requirements specification, System design specification, Safety plan, Schematic sketch, HW-Design | J152: Specification of requirements related to production, operation, service and decommissioning (Assembly instruction)
B155: ISO 26262-5 Clause 8 | C155: Evaluation of the hardware architectural metrics
A156: 5.9 | B156: ISO 26262-5, 8.5.1 | C156: Analysis of the effectiveness of the architecture of the item to cope with the random hardware failures | D156: Objective acc. the standard ISO 26262-5: The objective of this clause is to evaluate the hardware architecture of the item against the requirements for fault handling as represented by the hardware architectural metrics. This requirement applies to ASIL (B), C, and D of the safety goal. Remark: For each safety goal, a quantitative target value shall be derived from Table 4, ISO 26262-5 e.g.: Single-point fault metric for ASIL D: ≥ 99% Latent-fault metric for ASIL D: ≥ 90% | G156: No | I156: Schematic, Hardware safety requirements specification, Hardware design specification, Hardware safety analysis report | J156: Analysis of the effectiveness of the architecture of the item to cope with the random hardware failures
A159: 5.10 | B159: ISO 26262-5, 8.5.2 | C159: Verification review report of evaluation of the effectiveness of the architecture of the item to cope with the random hardware failures | D159: Objective acc. the standard ISO 26262-5: This requirement applies to ASIL (B), C, and D of the safety goal. A verification review of the result of the applied methods in 8.4.7 and 8.4.8 shall be performed in order to provide evidence of its technical correctness and completeness. | G159: No | I159: FTA, Metrics, Schematic, Hardware safety requirements specification, Hardware design specification, Hardware safety analysis report | J159: Review report of evaluation of the effectiveness of the architecture of the item to cope with the random hardware failures
B162: ISO 26262-5 Clause 9
A163: 5.11 | B163: ISO 26262-5, 9.5.1 | C163: Analysis of safety goal violations due to random hardware failures | D163: Objective acc. the standard ISO 26262-5: This requirement applies to ASIL (B), C and D of the safety goal. The objective of the requirements in this clause is to make available criteria that can be used in a rationale that the residual risk of a safety goal violation, due to random hardware failures of the item, is sufficiently low. Objective for item under developement after tailoring: Tier1 is responsible for Evaluation of Probabilistic Metric for random Hardware Failures (PMHF). | G163: No | I163: Hardware safety analysis report, Hardware safety requirement specification, Hardware design specification | J163: Analysis of safety goal violations due to random hardware failures
A166: 5.12 | B166: ISO 26262-5, 9.5.2 | C166: Specification of dedicated measures for hardware (if needed) | D166: Objective acc. the standard ISO 26262-5: Objective for item under developement after tailoring: | G166: No | I166: Hardware safety analysis report, Hardware safety requirement specification, Hardware design specification | J166: Specification of dedicated measures for hardware (if needed)
E167: In responsibility of Tier1. | F167: In responsibility of Tier1.
A169: 5.13 | B169: ISO 26262-5, 9.5.3 | C169: Verification review report of evaluation of safety goal violations due to random hardware failures | D169: Objective acc. the standard ISO 26262-5: This requirement applies to ASIL (B), C, and D of the safety goal. A verification review of the analysis resulting from the set of requirements 9.4.2 or 9.4.3 shall be performed in order to provide evidence of its technical correctness and completeness in accordance with ISO 26262-8:2018, Clause 9. | G169: No | I169: Hardware safety analysis report, Hardware safety requirement specification, Hardware design specification | J169: Review report of evaluation of safety goal violations due to random hardware failures
B172: ISO 26262-5 Clause 10 | C172: Hardware integration and testing
A173: 5.14 | B173: ISO 26262-5, 10.5.1 | C173: Hardware integration and verification specification | D173: Objective acc. the standard ISO 26262-5: The objective of this clause is to ensure, by testing, the compliance of the developed hardware with the hardware safety requirements. The requirements in 10.4.1 to 10.4.6 apply to the hardware of an element NOTE If ASIL decomposition is applied, as defined in ISO 26262-9:2018, Clause 5, the corresponding integration activities of the decomposed elements, and the subsequent activities, are applied at the ASIL before decomposition. Objective for item under developement after tailoring: Test cases shall be defined by Tier1 (in collaboration with OEM if necessary). The hardware testing activities shall verify the completeness and correctness of the implementation of the safety mechanisms with respect to the hardware safety requirements. | G173: No | J173: Hardware integration and testing report
A176: 5.15 | B176: ISO 26262-5, 10.5.2 | C176: Hardware integration and verification report | D176: Objective acc. the standard ISO 26262-5: The objective of this clause is to ensure, by testing, the compliance of the developed hardware with the hardware safety requirements. The requirements in 10.4.1 to 10.4.6 apply to the hardware of an element NOTE If ASIL decomposition is applied, as defined in ISO 26262-9:2018, Clause 5, the corresponding integration activities of the decomposed elements, and the subsequent activities, are applied at the ASIL before decomposition. Objective for item under developement after tailoring: Test cases shall be defined by Tier1 (in collaboration with OEM if necessary). The hardware testing activities shall verify the completeness and correctness of the implementation of the safety mechanisms with respect to the hardware safety requirements. | G176: No | J176: Hardware integration and testing report
A179: 6 | B179: ISO 26262-6 | C179: Product development at the software level
B180: ISO 26262-6 Clause 5 | C180: Initiation of product development at the software level
A181: 6.1 | B181: ISO 26262-6, 5.5.1 | C181: Safety plan (refined) | D181: Objective acc. the standard ISO 26262-6: The objective of this sub-phase is to plan and initiate the functional safety activities for the sub-phases of the software development. The software development sub-phases and supporting processes are initiated by determining the appropriate methods in order to comply with the requirements and their respective ASIL. The methods are supported by guidelines and tools, which are determined and planned for each sub-phase and supporting process. The requirements in 5.4.1 to 5.4.7 apply. | G181: No | I181: Project plan, Safety plan, Technical safety concept, System design spec. Item integration and testing plan | J181: Safety plan (refined)
A184: 6.2 | B184: ISO 26262-6, 5.5.1 | C184: Software verification plan | D184: Objective acc. the standard ISO 26262-6: The objective of this sub-phase is to plan and initiate the functional safety activities for the sub-phases of the software development. The requirements in 5.4.1 to 5.4.5and 5.4.7 apply. | G184: No | I184: Project plan, Safety plan, Technical safety concept, System design spec. Item integration and testing plan | J184: Software verification plan
A187: 6.3 | B187: ISO 26262-6, 5.5.1 | C187: Documentation of the software development environment | D187: Objective acc. the standard ISO 26262-6: Criteria shall be considered when selecting a suitable modelling or programming language To support the correctness of the design and implementation, the design and coding guidelines for the modelling, or programming languages, shall address the topics listed in Table 1. The requirements in 5.4.6 and 5.4.7 apply. | G187: No | I187: Project plan, Safety plan, Technical safety concept, System design spec. Item integration and testing plan | J187: Design and coding guidelines for modelling and programming languages
B190: ISO 26262-6 Clause 6 | C190: Specification of software safety requirements
A191: 6.5 | B191: ISO 26262-6, 6.5.1 | C191: Software safety requirements specification | D191: Objective acc. the standard ISO 26262-6: The first objective of this sub-phase is to specify the software safety requirements. They are derived from the technical safety concept and the system design specification. The requirements in 6.4.1 to 6.4.3 and 6.4.5 apply. | G191: No | I191: Technical safety concept, System design specification, | J191: Software safety requirements specification
A194: 6.6 | B194: ISO 26262-6, 6.5.2 | C194: Hardware-software interface specification (refined) | D194: Objective acc. the standard ISO 26262-6: The second objective is to detail the hardware-software interface requirements initiated in ISO 26262-4:2018, Clause 7. The requirements in 6.4.4 apply. | G194: No | I194: Hardware-software interface specification, | J194: Hardware-software interface specification (refined)
A197: 6.7 | B197: ISO 26262-6, 6.5.3 | C197: Software verification report | D197: Objective acc. the standard ISO 26262-6: The third objective is to verify that the software safety requirements and the hardware-software interface requirements are consistent with the technical safety concept and the system design specification. The requirements in 6.4.6 and 6.4.7 apply. | G197: No | I197: Technical safety concept, System design specification, | J197: Software verification report
B200: ISO 26262-6 Clause 7 | C200: Software architectural design
A201: 6.8 | B201: ISO 26262-6, 7.5.1 | C201: Software architectural design specification | D201: Objective acc. the standard ISO 26262-6: The first objective of this sub-phase is to develop a software architectural design that realizes the software safety requirements. The second objective of this sub-phase is to verify the software architectural design. The requirements in 7.4.1 to 7.4.6, 7.4.9, 7.4.10, 7.4.14, 7.4.15 and 7.4.17 apply. | G201: No | I201: hardware-software interface specification, software safety requirements specification, software verification plan (refined), software verification report | J201: Software architectural design specification
A204: 6.9 | B204: ISO 26262-6, 7.5.2 | C204: Safety analysis report | D204: Objective acc. the standard ISO 26262-6: Safety analysis shall be carried out at the software architectural level in accordance withISO 26262-9:2018, Clause 8, in order to: - identify or confirm the safety-related parts of the software; and - support the specification and verify the efficiency of the safety mechanisms. The requirements in 7.4.13 applied. | G204: No | I204: hardware-software interface specification, software safety requirements specification, software verification plan (refined), software verification report | J204: Safety analysis report
...

Sheet Description of 3_Document_list
B1: =Cover!B1 -> Safety Plan
A2: 1.Description to headlines of sheet "3_Document_list"
A3: Part | B3: Refering part of ISO26262
A4: ISO 26262:2018 Work Products | B4: Name of the work products
A6: Reference to Safety Plan | B6: The reference number to the data sheet 2_Safety_plan
A7: initial/ refined | B7: "Initial": Is the first version of a work product. In a real progress of a project the available information is not as datailed as at the end of a project which has to lead to a refinement of a document. "Refined": shows that a certain stage of a project a document with the appropriate information should already be available. "Refined" usually means in the corresponding phase of the project additions for the appropriate work product.
A9: Link to external source | B9: Search link to an external Data base (e.g. Doors) where the document/the information is stored. There might be multiple links if there are more than one external sources be needed. This should be done by adding rows.
A10: Details to ext. Source | B10: There should be information added to locate the needed information. With reference to: "Link to external source"
A11: Index | B11: Actual Index of the Source if applicable.
A12: Title/chapter of comprised work product | B12: Titel (if reasonable: Chapter) of the work product.
A13: Todo's and Remarks | B13: Short description to open issues and global remarks or aspects Intention is to comment the next column "Status".
A14: Status | B14: "Actual status of the issue Description of Status, see Table ""Description of Status"""
A15: Date of Status | B15: Date of given status
A16: Responsible person: RASIC | B16: Definition see RASIC table below.
... A20: Date sent | B20: Date when the exchange was done.
A21: 2. Description of "RASIC"
A22: RASIC symbol | B22: Meaning | C22: Definition
A23: R | B23: Responsible | C23: Those who do the work to achieve the task. There is typically one role with a participation type of responsible, although others can be delegated to assist in the work required
A24: A | B24: Approver | C24: The one ultimately answerable for the correct and thorough completion of the deliverable or task, and the one who delegates the work to those responsible. In other words, an accountable must sign off (approve) on work that responsible provides.
A26: S | B26: Support | C26: Resources allocated to responsible. Unlike consulted, who may provide input to the task, support will assist in completing the task.
A27: I | B27: Informed | C27: Those who are kept up-to-date on progress, often only on completion of the task or deliverable; and with whom there is just one-way communication
A28: C | B28: Consulted | C28: Those whose opinions are sought, typically subject matter experts; and with whom there is two-way communication.
A29: 3. Sample use status
A30: Sample | B30: Meaning
A31: A-Sample | B31: The A-Sample shall be used for the presentation of  Concepts  Critical functions  Technology assessments  the sample is only for restricted use
A32: B-Sample | B32: The B-Samples are  Develop samples for technology-critical details, such as function, design, and assembly.  Samples used to uncover emergent product requirements  the samples may have use restrictions
A33: C-Sample | B33: The C-Samples are samples provide further test, development, and validation and are near-series samples. The C-Samples fulfill all specified safety and non-safety requirements. The Sample have no use restrictions.
A34: Initial Sample | B34: The initial sample is the first production falling part that was manufactured ​​on the final production plant.

Sheet Tabelle1
A1: Status
A2: open
A3: in progress
A4: in review
A5: reviewed
A6: approved
A7: released
A8: not applicable
